7,lego,1,1,1,2014-06-28 08:59:31.545503,2014-06-30 10:28:08.978919
8,ninja-star,1,1,1,2014-06-28 08:59:51.233129,2014-06-30 10:28:14.6849
6,foldingChair,1,1,0,2014-06-28 06:48:25.686416,2014-07-01 08:27:05.670081
21,okitest,0,4,0,2014-07-01 09:09:33.180812,2014-07-01 09:09:33.180812
9,lego-2,1,1,1,2014-06-28 09:27:44.935187,2014-07-04 16:09:36.835907
22,hoge,0,5,0,2014-07-05 10:29:05.661342,2014-07-05 10:29:05.661342
24,testproj,0,5,0,2014-08-18 08:10:47.218601,2014-08-18 08:10:47.218601
25,testproject,0,5,0,2014-08-18 08:36:14.107526,2014-08-18 08:36:14.107526
3,hello,,2,1,2014-06-28 03:56:55.447841,2014-09-13 04:41:41.577529
27,3dPrinter-watch,0,5,1,2014-08-18 08:46:04.734385,2014-09-13 04:45:19.890467
33,hogehoge,0,1,0,2014-10-01 06:29:49.078947,2014-10-01 06:29:49.078947
34,komadori,0,1,0,2014-10-01 06:44:06.542244,2014-10-01 06:44:06.542244
36,fxkh,2,1,0,2014-10-03 02:40:57.54516,2014-10-03 13:57:26.975391
4,namePlate,10,1,1,2014-06-28 06:35:34.477921,2014-10-03 14:07:34.583972
30,utest,1,1,0,2014-09-30 07:57:36.763039,2014-10-03 15:25:48.556345
37,hogehogehoge,0,1,0,2014-10-03 08:28:20.074947,2014-10-03 15:52:16.646092
5,bighand,23,1,1,2014-06-28 06:48:09.269365,2014-10-03 15:53:42.040092
